target_table,target_column,target_type,nullable,has_default,is_history,table_in_scope,source_tables,classification
amendment,id,uuid,no,no,no,yes,mdcd_demo_amndmt,mapped
amendment,application_type_id,text,no,no,no,yes,mdcd_demo_amndmt,mapped
amendment,demonstration_id,uuid,no,no,no,yes,mdcd_demo_amndmt,mapped
amendment,name,text,no,no,no,yes,mdcd_demo_amndmt,mapped
amendment,description,text,yes,no,no,yes,mdcd_demo_amndmt,mapped
amendment,effective_date,timestamptz,yes,no,no,yes,mdcd_demo_amndmt,mapped
amendment,status_id,text,no,no,no,yes,mdcd_demo_amndmt,mapped
amendment,current_phase_id,text,no,no,no,yes,mdcd_demo_amndmt,mapped
amendment,clearance_level_id,text,no,yes,no,yes,mdcd_demo_amndmt,default
amendment,signature_level_id,text,yes,no,no,yes,mdcd_demo_amndmt,mapped
amendment,created_at,timestamptz,no,yes,no,yes,mdcd_demo_amndmt,mapped
amendment,updated_at,timestamptz,no,no,no,yes,mdcd_demo_amndmt,mapped
amendment,status_updated_at,timestamptz,no,yes,no,yes,mdcd_demo_amndmt,mapped
amendment,demonstration_status_id,text,no,no,no,yes,mdcd_demo_amndmt,mapped
amendment_application_type_limit,id,text,no,no,no,no,,GAP_table_pending
amendment_history,revision_id,serial,no,no,yes,no,,history_system
amendment_history,revision_type,revision_type_enum,no,no,yes,no,,history_system
amendment_history,modified_at,timestamptz,no,yes,yes,no,,history_system
amendment_history,id,uuid,no,no,yes,no,,GAP_table_pending
amendment_history,application_type_id,text,no,no,yes,no,,GAP_table_pending
amendment_history,demonstration_id,uuid,no,no,yes,no,,GAP_table_pending
amendment_history,name,text,no,no,yes,no,,GAP_table_pending
amendment_history,description,text,yes,no,yes,no,,nullable_unmapped
amendment_history,effective_date,timestamptz,yes,no,yes,no,,nullable_unmapped
amendment_history,status_id,text,no,no,yes,no,,GAP_table_pending
amendment_history,current_phase_id,text,no,no,yes,no,,GAP_table_pending
amendment_history,clearance_level_id,text,no,no,yes,no,,GAP_table_pending
amendment_history,signature_level_id,text,yes,no,yes,no,,nullable_unmapped
amendment_history,created_at,timestamptz,no,no,yes,no,,audit_timestamp
amendment_history,updated_at,timestamptz,no,no,yes,no,,audit_timestamp
amendment_history,status_updated_at,timestamptz,no,no,yes,no,,GAP_table_pending
application,id,uuid,no,no,no,no,,GAP_table_pending
application,application_type_id,text,no,no,no,no,,GAP_table_pending
application_date,application_id,uuid,no,no,no,yes,mdcd_demo,mapped
application_date,date_type_id,text,no,no,no,yes,mdcd_demo,mapped
application_date,date_value,timestamptz,no,no,no,yes,mdcd_demo,mapped
application_date,created_at,timestamptz,no,yes,no,yes,mdcd_demo,default
application_date,updated_at,timestamptz,no,no,no,yes,mdcd_demo,audit_timestamp
application_date_history,revision_id,serial,no,no,yes,no,,history_system
application_date_history,revision_type,revision_type_enum,no,no,yes,no,,history_system
application_date_history,modified_at,timestamptz,no,yes,yes,no,,history_system
application_date_history,application_id,uuid,no,no,yes,no,,GAP_table_pending
application_date_history,date_type_id,text,no,no,yes,no,,GAP_table_pending
application_date_history,date_value,timestamptz,no,no,yes,no,,GAP_table_pending
application_date_history,created_at,timestamptz,no,no,yes,no,,audit_timestamp
application_date_history,updated_at,timestamptz,no,no,yes,no,,audit_timestamp
application_history,revision_id,serial,no,no,yes,no,,history_system
application_history,revision_type,revision_type_enum,no,no,yes,no,,history_system
application_history,modified_at,timestamptz,no,yes,yes,no,,history_system
application_history,id,uuid,no,no,yes,no,,GAP_table_pending
application_history,application_type_id,text,no,no,yes,no,,GAP_table_pending
application_note,application_id,uuid,no,no,no,no,,GAP_table_pending
application_note,note_type_id,text,no,no,no,no,,GAP_table_pending
application_note,content,text,no,no,no,no,,GAP_table_pending
application_note,created_at,timestamptz,no,yes,no,no,,default
application_note,updated_at,timestamptz,no,no,no,no,,audit_timestamp
application_note_history,revision_id,serial,no,no,yes,no,,history_system
application_note_history,revision_type,revision_type_enum,no,no,yes,no,,history_system
application_note_history,modified_at,timestamptz,no,yes,yes,no,,history_system
application_note_history,application_id,uuid,no,no,yes,no,,GAP_table_pending
application_note_history,note_type_id,text,no,no,yes,no,,GAP_table_pending
application_note_history,content,text,no,no,yes,no,,GAP_table_pending
application_note_history,created_at,timestamptz,no,no,yes,no,,audit_timestamp
application_note_history,updated_at,timestamptz,no,no,yes,no,,audit_timestamp
application_phase,application_id,uuid,no,no,no,no,,GAP_table_pending
application_phase,phase_id,text,no,no,no,no,,GAP_table_pending
application_phase,phase_status_id,text,no,no,no,no,,GAP_table_pending
application_phase,created_at,timestamptz,no,yes,no,no,,default
application_phase,updated_at,timestamptz,no,no,no,no,,audit_timestamp
application_phase_history,revision_id,serial,no,no,yes,no,,history_system
application_phase_history,revision_type,revision_type_enum,no,no,yes,no,,history_system
application_phase_history,modified_at,timestamptz,no,yes,yes,no,,history_system
application_phase_history,application_id,uuid,no,no,yes,no,,GAP_table_pending
application_phase_history,phase_id,text,no,no,yes,no,,GAP_table_pending
application_phase_history,phase_status_id,text,no,no,yes,no,,GAP_table_pending
application_phase_history,created_at,timestamptz,no,no,yes,no,,audit_timestamp
application_phase_history,updated_at,timestamptz,no,no,yes,no,,audit_timestamp
application_status,id,text,no,no,no,no,,GAP_table_pending
application_tag_assignment,application_id,uuid,no,no,no,no,,GAP_table_pending
application_tag_assignment,tag_name_id,text,no,no,no,no,,GAP_table_pending
application_tag_assignment,tag_type_id,text,no,no,no,no,,GAP_table_pending
application_tag_assignment_history,revision_id,serial,no,no,yes,no,,history_system
application_tag_assignment_history,revision_type,revision_type_enum,no,no,yes,no,,history_system
application_tag_assignment_history,modified_at,timestamptz,no,yes,yes,no,,history_system
application_tag_assignment_history,application_id,uuid,no,no,yes,no,,GAP_table_pending
application_tag_assignment_history,tag_name_id,text,no,no,yes,no,,GAP_table_pending
application_tag_assignment_history,tag_type_id,text,no,no,yes,no,,GAP_table_pending
application_tag_suggestion,application_id,uuid,no,no,no,no,,GAP_table_pending
application_tag_suggestion,value,text,no,no,no,no,,GAP_table_pending
application_tag_suggestion,status_id,text,no,no,no,no,,GAP_table_pending
application_tag_suggestion,replaced_value,text,yes,no,no,no,,nullable_unmapped
application_tag_suggestion,created_at,timestamptz,no,yes,no,no,,default
application_tag_suggestion,updated_at,timestamptz,no,no,no,no,,audit_timestamp
application_tag_suggestion_extract,uipath_value_id,uuid,no,no,no,no,,GAP_table_pending
application_tag_suggestion_extract,application_id,uuid,no,no,no,no,,GAP_table_pending
application_tag_suggestion_extract,field_id,text,no,no,no,no,,GAP_table_pending
application_tag_suggestion_extract,value,text,no,no,no,no,,GAP_table_pending
application_tag_suggestion_extract,start_page_no,integer,no,no,no,no,,GAP_table_pending
application_tag_suggestion_extract,end_page_no,integer,no,no,no,no,,GAP_table_pending
application_tag_suggestion_extract,created_at,timestamptz,no,yes,no,no,,default
application_tag_suggestion_extract,updated_at,timestamptz,no,no,no,no,,audit_timestamp
application_tag_suggestion_extract_field_limit,id,text,no,no,no,no,,GAP_table_pending
application_tag_suggestion_extract_history,revision_id,serial,no,no,yes,no,,history_system
application_tag_suggestion_extract_history,revision_type,revision_type_enum,no,no,yes,no,,history_system
application_tag_suggestion_extract_history,modified_at,timestamptz,no,yes,yes,no,,history_system
application_tag_suggestion_extract_history,uipath_value_id,uuid,no,no,yes,no,,GAP_table_pending
application_tag_suggestion_extract_history,application_id,uuid,no,no,yes,no,,GAP_table_pending
application_tag_suggestion_extract_history,field_id,text,no,no,yes,no,,GAP_table_pending
application_tag_suggestion_extract_history,value,text,no,no,yes,no,,GAP_table_pending
application_tag_suggestion_extract_history,start_page_no,integer,no,no,yes,no,,GAP_table_pending
application_tag_suggestion_extract_history,end_page_no,integer,no,no,yes,no,,GAP_table_pending
application_tag_suggestion_extract_history,created_at,timestamptz,no,no,yes,no,,audit_timestamp
application_tag_suggestion_extract_history,updated_at,timestamptz,no,no,yes,no,,audit_timestamp
application_tag_suggestion_history,revision_id,serial,no,no,yes,no,,history_system
application_tag_suggestion_history,revision_type,revision_type_enum,no,no,yes,no,,history_system
application_tag_suggestion_history,modified_at,timestamptz,no,yes,yes,no,,history_system
application_tag_suggestion_history,application_id,uuid,no,no,yes,no,,GAP_table_pending
application_tag_suggestion_history,value,text,no,no,yes,no,,GAP_table_pending
application_tag_suggestion_history,status_id,text,no,no,yes,no,,GAP_table_pending
application_tag_suggestion_history,replaced_value,text,yes,no,yes,no,,nullable_unmapped
application_tag_suggestion_history,created_at,timestamptz,no,no,yes,no,,audit_timestamp
application_tag_suggestion_history,updated_at,timestamptz,no,no,yes,no,,audit_timestamp
application_tag_suggestion_status,id,text,no,no,no,no,,GAP_table_pending
application_tag_type_limit,id,text,no,no,no,no,,GAP_table_pending
application_type,id,text,no,no,no,no,,GAP_table_pending
approved_application_status_limit,id,text,no,no,no,no,,GAP_table_pending
budget_neutrality_validation_status,id,text,no,no,no,no,,GAP_table_pending
budget_neutrality_workbook,id,uuid,no,no,no,no,,GAP_table_pending
budget_neutrality_workbook,document_type_id,text,no,no,no,no,,GAP_table_pending
budget_neutrality_workbook,validation_status_id,text,no,no,no,no,,GAP_table_pending
budget_neutrality_workbook,validation_data,jsonb,no,no,no,no,,GAP_table_pending
budget_neutrality_workbook,created_at,timestamptz,no,yes,no,no,,default
budget_neutrality_workbook,updated_at,timestamptz,no,no,no,no,,audit_timestamp
budget_neutrality_workbook,actuals,text,yes,no,no,no,,nullable_unmapped
budget_neutrality_workbook,net_variance_total,double,yes,no,no,no,,nullable_unmapped
budget_neutrality_workbook_document_type_limit,id,text,no,no,no,no,,GAP_table_pending
budget_neutrality_workbook_history,revision_id,serial,no,no,yes,no,,history_system
budget_neutrality_workbook_history,revision_type,revision_type_enum,no,no,yes,no,,history_system
budget_neutrality_workbook_history,modified_at,timestamptz,no,yes,yes,no,,history_system
budget_neutrality_workbook_history,id,uuid,no,no,yes,no,,GAP_table_pending
budget_neutrality_workbook_history,document_type_id,text,no,no,yes,no,,GAP_table_pending
budget_neutrality_workbook_history,validation_status_id,text,no,no,yes,no,,GAP_table_pending
budget_neutrality_workbook_history,validation_data,jsonb,no,no,yes,no,,GAP_table_pending
budget_neutrality_workbook_history,created_at,timestamptz,no,no,yes,no,,audit_timestamp
budget_neutrality_workbook_history,updated_at,timestamptz,no,no,yes,no,,audit_timestamp
budget_neutrality_workbook_history,actuals,text,yes,no,yes,no,,nullable_unmapped
budget_neutrality_workbook_history,net_variance_total,double,yes,no,yes,no,,nullable_unmapped
clearance_level,id,text,no,no,no,no,,GAP_table_pending
cms_user_person_type_limit,id,text,no,no,no,no,,GAP_table_pending
date_type,id,text,no,no,no,no,,GAP_table_pending
deliverable,id,uuid,no,no,no,no,,GAP_table_pending
deliverable,deliverable_type_id,text,no,no,no,no,,GAP_table_pending
deliverable,name,text,no,no,no,no,,GAP_table_pending
deliverable,demonstration_id,uuid,no,no,no,no,,GAP_table_pending
deliverable,demonstration_status_id,text,no,no,no,no,,GAP_table_pending
deliverable,status_id,text,no,no,no,no,,GAP_table_pending
deliverable,cms_owner_user_id,uuid,no,no,no,no,,GAP_table_pending
deliverable,cms_owner_person_type_id,text,no,no,no,no,,GAP_table_pending
deliverable,due_date,timestamptz,no,no,no,no,,GAP_table_pending
deliverable,due_date_type_id,text,no,no,no,no,,GAP_table_pending
deliverable,expected_to_be_submitted,boolean,no,no,no,no,,GAP_table_pending
deliverable,created_at,timestamptz,no,yes,no,no,,default
deliverable,updated_at,timestamptz,no,no,no,no,,audit_timestamp
deliverable_action,id,uuid,no,no,no,no,,GAP_table_pending
deliverable_action,action_timestamp,timestamptz,no,no,no,no,,GAP_table_pending
deliverable_action,deliverable_id,uuid,no,no,no,no,,GAP_table_pending
deliverable_action,action_type_id,text,no,no,no,no,,GAP_table_pending
deliverable_action,old_status_id,text,no,no,no,no,,GAP_table_pending
deliverable_action,new_status_id,text,no,no,no,no,,GAP_table_pending
deliverable_action,note,text,yes,no,no,no,,nullable_unmapped
deliverable_action,active_extension_id,uuid,yes,no,no,no,,nullable_unmapped
deliverable_action,due_date_change_allowed,boolean,no,no,no,no,,GAP_table_pending
deliverable_action,should_have_note,boolean,no,no,no,no,,GAP_table_pending
deliverable_action,should_have_user_id,boolean,no,no,no,no,,GAP_table_pending
deliverable_action,extension_id_optional,boolean,no,no,no,no,,GAP_table_pending
deliverable_action,old_due_date,timestamptz,no,no,no,no,,GAP_table_pending
deliverable_action,new_due_date,timestamptz,no,no,no,no,,GAP_table_pending
deliverable_action,user_id,uuid,yes,no,no,no,,nullable_unmapped
deliverable_action_configuration,action_type_id,text,no,no,no,no,,GAP_table_pending
deliverable_action_configuration,old_status_id,text,no,no,no,no,,GAP_table_pending
deliverable_action_configuration,new_status_id,text,no,no,no,no,,GAP_table_pending
deliverable_action_history,revision_id,serial,no,no,yes,no,,history_system
deliverable_action_history,revision_type,revision_type_enum,no,no,yes,no,,history_system
deliverable_action_history,modified_at,timestamptz,no,yes,yes,no,,history_system
deliverable_action_history,id,uuid,no,no,yes,no,,GAP_table_pending
deliverable_action_history,action_timestamp,timestamptz,no,no,yes,no,,GAP_table_pending
deliverable_action_history,deliverable_id,uuid,no,no,yes,no,,GAP_table_pending
deliverable_action_history,action_type_id,text,no,no,yes,no,,GAP_table_pending
deliverable_action_history,old_status_id,text,no,no,yes,no,,GAP_table_pending
deliverable_action_history,new_status_id,text,no,no,yes,no,,GAP_table_pending
deliverable_action_history,note,text,yes,no,yes,no,,nullable_unmapped
deliverable_action_history,active_extension_id,uuid,yes,no,yes,no,,nullable_unmapped
deliverable_action_history,due_date_change_allowed,boolean,no,no,yes,no,,GAP_table_pending
deliverable_action_history,should_have_note,boolean,no,no,yes,no,,GAP_table_pending
deliverable_action_history,should_have_user_id,boolean,no,no,yes,no,,GAP_table_pending
deliverable_action_history,extension_id_optional,boolean,no,no,yes,no,,GAP_table_pending
deliverable_action_history,old_due_date,timestamptz,no,no,yes,no,,GAP_table_pending
deliverable_action_history,new_due_date,timestamptz,no,no,yes,no,,GAP_table_pending
deliverable_action_history,user_id,uuid,yes,no,yes,no,,nullable_unmapped
deliverable_action_type,id,text,no,no,no,no,,GAP_table_pending
deliverable_action_type,due_date_change_allowed,boolean,no,no,no,no,,GAP_table_pending
deliverable_action_type,should_have_note,boolean,no,no,no,no,,GAP_table_pending
deliverable_action_type,should_have_user_id,boolean,no,no,no,no,,GAP_table_pending
deliverable_action_type,extension_id_optional,boolean,no,no,no,no,,GAP_table_pending
deliverable_active_extension,deliverable_extension_id,uuid,no,no,no,no,,GAP_table_pending
deliverable_active_extension,deliverable_id,uuid,no,no,no,no,,GAP_table_pending
deliverable_active_extension,status_id,text,no,no,no,no,,GAP_table_pending
deliverable_active_extension_status_limit,id,text,no,no,no,no,,GAP_table_pending
deliverable_demonstration_type,deliverable_id,uuid,no,no,no,no,,GAP_table_pending
deliverable_demonstration_type,demonstration_id,uuid,no,no,no,no,,GAP_table_pending
deliverable_demonstration_type,demonstration_type_tag_name_id,text,no,no,no,no,,GAP_table_pending
deliverable_demonstration_type_history,revision_id,serial,no,no,yes,no,,history_system
deliverable_demonstration_type_history,revision_type,revision_type_enum,no,no,yes,no,,history_system
deliverable_demonstration_type_history,modified_at,timestamptz,no,yes,yes,no,,history_system
deliverable_demonstration_type_history,deliverable_id,uuid,no,no,yes,no,,GAP_table_pending
deliverable_demonstration_type_history,demonstration_id,uuid,no,no,yes,no,,GAP_table_pending
deliverable_demonstration_type_history,demonstration_type_tag_name_id,text,no,no,yes,no,,GAP_table_pending
deliverable_due_date_type,id,text,no,no,no,no,,GAP_table_pending
deliverable_extension,id,uuid,no,no,no,no,,GAP_table_pending
deliverable_extension,deliverable_id,uuid,no,no,no,no,,GAP_table_pending
deliverable_extension,status_id,text,no,no,no,no,,GAP_table_pending
deliverable_extension,reason_code_id,text,no,no,no,no,,GAP_table_pending
deliverable_extension,original_date_requested,timestamptz,no,no,no,no,,GAP_table_pending
deliverable_extension,final_date_granted,timestamptz,yes,no,no,no,,nullable_unmapped
deliverable_extension,created_at,timestamptz,no,yes,no,no,,default
deliverable_extension,updated_at,timestamptz,no,no,no,no,,audit_timestamp
deliverable_extension_history,revision_id,serial,no,no,yes,no,,history_system
deliverable_extension_history,revision_type,revision_type_enum,no,no,yes,no,,history_system
deliverable_extension_history,modified_at,timestamptz,no,yes,yes,no,,history_system
deliverable_extension_history,id,uuid,no,no,yes,no,,GAP_table_pending
deliverable_extension_history,deliverable_id,uuid,no,no,yes,no,,GAP_table_pending
deliverable_extension_history,status_id,text,no,no,yes,no,,GAP_table_pending
deliverable_extension_history,reason_code_id,text,no,no,yes,no,,GAP_table_pending
deliverable_extension_history,original_date_requested,timestamptz,no,no,yes,no,,GAP_table_pending
deliverable_extension_history,final_date_granted,timestamptz,yes,no,yes,no,,nullable_unmapped
deliverable_extension_history,created_at,timestamptz,no,no,yes,no,,audit_timestamp
deliverable_extension_history,updated_at,timestamptz,no,no,yes,no,,audit_timestamp
deliverable_extension_reason_code,id,text,no,no,no,no,,GAP_table_pending
deliverable_extension_status,id,text,no,no,no,no,,GAP_table_pending
deliverable_history,revision_id,serial,no,no,yes,no,,history_system
deliverable_history,revision_type,revision_type_enum,no,no,yes,no,,history_system
deliverable_history,modified_at,timestamptz,no,yes,yes,no,,history_system
deliverable_history,id,uuid,no,no,yes,no,,GAP_table_pending
deliverable_history,deliverable_type_id,text,no,no,yes,no,,GAP_table_pending
deliverable_history,name,text,no,no,yes,no,,GAP_table_pending
deliverable_history,demonstration_id,uuid,no,no,yes,no,,GAP_table_pending
deliverable_history,demonstration_status_id,text,no,no,yes,no,,GAP_table_pending
deliverable_history,status_id,text,no,no,yes,no,,GAP_table_pending
deliverable_history,cms_owner_user_id,uuid,no,no,yes,no,,GAP_table_pending
deliverable_history,cms_owner_person_type_id,text,no,no,yes,no,,GAP_table_pending
deliverable_history,due_date,timestamptz,no,no,yes,no,,GAP_table_pending
deliverable_history,due_date_type_id,text,no,no,yes,no,,GAP_table_pending
deliverable_history,expected_to_be_submitted,boolean,no,no,yes,no,,GAP_table_pending
deliverable_history,created_at,timestamptz,no,no,yes,no,,audit_timestamp
deliverable_history,updated_at,timestamptz,no,no,yes,no,,audit_timestamp
deliverable_status,id,text,no,no,no,no,,GAP_table_pending
deliverable_submission_action_type_limit,id,text,no,no,no,no,,GAP_table_pending
deliverable_type,id,text,no,no,no,no,,GAP_table_pending
deliverable_type_document_type,deliverable_type_id,text,no,no,no,no,,GAP_table_pending
deliverable_type_document_type,document_type_id,text,no,no,no,no,,GAP_table_pending
demonstration,id,uuid,no,no,no,yes,mdcd_demo,mapped
demonstration,application_type_id,text,no,no,no,yes,mdcd_demo,mapped
demonstration,name,text,no,no,no,yes,mdcd_demo,mapped
demonstration,description,text,yes,no,no,yes,mdcd_demo,mapped
demonstration,effective_date,timestamptz,yes,no,no,yes,mdcd_demo,mapped
demonstration,expiration_date,timestamptz,yes,no,no,yes,mdcd_demo,mapped
demonstration,sdg_division_id,text,yes,no,no,yes,mdcd_demo,nullable_unmapped
demonstration,signature_level_id,text,yes,no,no,yes,mdcd_demo,nullable_unmapped
demonstration,status_id,text,no,no,no,yes,mdcd_demo,mapped
demonstration,current_phase_id,text,no,no,no,yes,mdcd_demo,mapped
demonstration,state_id,text,no,no,no,yes,mdcd_demo,mapped
demonstration,clearance_level_id,text,no,yes,no,yes,mdcd_demo,default
demonstration,created_at,timestamptz,no,yes,no,yes,mdcd_demo,mapped
demonstration,updated_at,timestamptz,no,no,no,yes,mdcd_demo,mapped
demonstration,medicaid_id,text,no,no,no,yes,mdcd_demo,mapped
demonstration,chip_id,text,no,no,no,yes,mdcd_demo,mapped
demonstration,status_updated_at,timestamptz,no,yes,no,yes,mdcd_demo,default
demonstration_application_type_limit,id,text,no,no,no,no,,GAP_table_pending
demonstration_grant_level_limit,id,text,no,no,no,no,,GAP_table_pending
demonstration_history,revision_id,serial,no,no,yes,no,,history_system
demonstration_history,revision_type,revision_type_enum,no,no,yes,no,,history_system
demonstration_history,modified_at,timestamptz,no,yes,yes,no,,history_system
demonstration_history,id,uuid,no,no,yes,no,,GAP_table_pending
demonstration_history,application_type_id,text,no,no,yes,no,,GAP_table_pending
demonstration_history,name,text,no,no,yes,no,,GAP_table_pending
demonstration_history,description,text,yes,no,yes,no,,nullable_unmapped
demonstration_history,effective_date,timestamptz,yes,no,yes,no,,nullable_unmapped
demonstration_history,expiration_date,timestamptz,yes,no,yes,no,,nullable_unmapped
demonstration_history,sdg_division_id,text,yes,no,yes,no,,nullable_unmapped
demonstration_history,signature_level_id,text,yes,no,yes,no,,nullable_unmapped
demonstration_history,status_id,text,no,no,yes,no,,GAP_table_pending
demonstration_history,current_phase_id,text,no,no,yes,no,,GAP_table_pending
demonstration_history,state_id,text,no,no,yes,no,,GAP_table_pending
demonstration_history,clearance_level_id,text,no,no,yes,no,,GAP_table_pending
demonstration_history,created_at,timestamptz,no,no,yes,no,,audit_timestamp
demonstration_history,updated_at,timestamptz,no,no,yes,no,,audit_timestamp
demonstration_history,medicaid_id,text,no,no,yes,no,,GAP_table_pending
demonstration_history,chip_id,text,no,no,yes,no,,GAP_table_pending
demonstration_history,status_updated_at,timestamptz,no,no,yes,no,,GAP_table_pending
demonstration_role_assignment,person_id,uuid,no,no,no,yes,mdcd_demo,mapped
demonstration_role_assignment,demonstration_id,uuid,no,no,no,yes,mdcd_demo,mapped
demonstration_role_assignment,role_id,text,no,no,no,yes,mdcd_demo,mapped
demonstration_role_assignment,state_id,text,no,no,no,yes,mdcd_demo,mapped
demonstration_role_assignment,person_type_id,text,no,no,no,yes,mdcd_demo,mapped
demonstration_role_assignment,grant_level_id,text,no,no,no,yes,mdcd_demo,mapped
demonstration_role_assignment_history,revision_id,serial,no,no,yes,no,,history_system
demonstration_role_assignment_history,revision_type,revision_type_enum,no,no,yes,no,,history_system
demonstration_role_assignment_history,modified_at,timestamptz,no,yes,yes,no,,history_system
demonstration_role_assignment_history,person_id,uuid,no,no,yes,no,,GAP_table_pending
demonstration_role_assignment_history,demonstration_id,uuid,no,no,yes,no,,GAP_table_pending
demonstration_role_assignment_history,role_id,text,no,no,yes,no,,GAP_table_pending
demonstration_role_assignment_history,state_id,text,no,no,yes,no,,GAP_table_pending
demonstration_role_assignment_history,person_type_id,text,no,no,yes,no,,GAP_table_pending
demonstration_role_assignment_history,grant_level_id,text,no,no,yes,no,,GAP_table_pending
demonstration_type_tag_assignment,demonstration_id,uuid,no,no,no,yes,mdcd_mc_pgm_dtl,mapped
demonstration_type_tag_assignment,tag_name_id,text,no,no,no,yes,mdcd_mc_pgm_dtl,mapped
demonstration_type_tag_assignment,tag_type_id,text,no,no,no,yes,mdcd_mc_pgm_dtl,mapped
demonstration_type_tag_assignment,effective_date,timestamptz,no,no,no,yes,mdcd_mc_pgm_dtl,mapped
demonstration_type_tag_assignment,expiration_date,timestamptz,no,no,no,yes,mdcd_mc_pgm_dtl,mapped
demonstration_type_tag_assignment,created_at,timestamptz,no,yes,no,yes,mdcd_mc_pgm_dtl,default
demonstration_type_tag_assignment,updated_at,timestamptz,no,no,no,yes,mdcd_mc_pgm_dtl,audit_timestamp
demonstration_type_tag_assignment_history,revision_id,serial,no,no,yes,no,,history_system
demonstration_type_tag_assignment_history,revision_type,revision_type_enum,no,no,yes,no,,history_system
demonstration_type_tag_assignment_history,modified_at,timestamptz,no,yes,yes,no,,history_system
demonstration_type_tag_assignment_history,demonstration_id,uuid,no,no,yes,no,,GAP_table_pending
demonstration_type_tag_assignment_history,tag_name_id,text,no,no,yes,no,,GAP_table_pending
demonstration_type_tag_assignment_history,tag_type_id,text,no,no,yes,no,,GAP_table_pending
demonstration_type_tag_assignment_history,effective_date,timestamptz,no,no,yes,no,,GAP_table_pending
demonstration_type_tag_assignment_history,expiration_date,timestamptz,no,no,yes,no,,GAP_table_pending
demonstration_type_tag_assignment_history,created_at,timestamptz,no,no,yes,no,,audit_timestamp
demonstration_type_tag_assignment_history,updated_at,timestamptz,no,no,yes,no,,audit_timestamp
demonstration_type_tag_type_limit,id,text,no,no,no,no,,GAP_table_pending
document,id,uuid,no,no,no,no,,GAP_table_pending
document,name,text,no,no,no,no,,GAP_table_pending
document,description,text,yes,no,no,no,,nullable_unmapped
document,s3_path,text,no,no,no,no,,GAP_table_pending
document,owner_user_id,uuid,no,no,no,no,,GAP_table_pending
document,document_type_id,text,no,no,no,no,,GAP_table_pending
document,application_id,uuid,no,no,no,no,,GAP_table_pending
document,phase_id,text,yes,no,no,no,,nullable_unmapped
document,deliverable_id,uuid,yes,no,no,no,,nullable_unmapped
document,deliverable_type_id,text,yes,no,no,no,,nullable_unmapped
document,deliverable_is_cms_attached_file,boolean,yes,no,no,no,,nullable_unmapped
document,deliverable_submission_action_id,uuid,yes,no,no,no,,nullable_unmapped
document,deliverable_submission_action_type_id,text,yes,no,no,no,,nullable_unmapped
document,created_at,timestamptz,no,yes,no,no,,default
document,updated_at,timestamptz,no,no,no,no,,audit_timestamp
document_history,revision_id,serial,no,no,yes,no,,history_system
document_history,revision_type,revision_type_enum,no,no,yes,no,,history_system
document_history,modified_at,timestamptz,no,yes,yes,no,,history_system
document_history,id,uuid,no,no,yes,no,,GAP_table_pending
document_history,name,text,no,no,yes,no,,GAP_table_pending
document_history,description,text,yes,no,yes,no,,nullable_unmapped
document_history,s3_path,text,no,no,yes,no,,GAP_table_pending
document_history,owner_user_id,uuid,no,no,yes,no,,GAP_table_pending
document_history,document_type_id,text,no,no,yes,no,,GAP_table_pending
document_history,application_id,uuid,no,no,yes,no,,GAP_table_pending
document_history,phase_id,text,yes,no,yes,no,,nullable_unmapped
document_history,deliverable_id,uuid,yes,no,yes,no,,nullable_unmapped
document_history,deliverable_type_id,text,yes,no,yes,no,,nullable_unmapped
document_history,deliverable_is_cms_attached_file,boolean,yes,no,yes,no,,nullable_unmapped
document_history,deliverable_submission_action_id,uuid,yes,no,yes,no,,nullable_unmapped
document_history,deliverable_submission_action_type_id,text,yes,no,yes,no,,nullable_unmapped
document_history,created_at,timestamptz,no,no,yes,no,,audit_timestamp
document_history,updated_at,timestamptz,no,no,yes,no,,audit_timestamp
document_infected,id,uuid,no,no,no,no,,GAP_table_pending
document_infected,name,text,no,no,no,no,,GAP_table_pending
document_infected,description,text,yes,no,no,no,,nullable_unmapped
document_infected,s3_path,text,no,no,no,no,,GAP_table_pending
document_infected,owner_user_id,uuid,no,no,no,no,,GAP_table_pending
document_infected,document_type_id,text,no,no,no,no,,GAP_table_pending
document_infected,application_id,uuid,no,no,no,no,,GAP_table_pending
document_infected,phase_id,text,yes,no,no,no,,nullable_unmapped
document_infected,deliverable_id,uuid,yes,no,no,no,,nullable_unmapped
document_infected,deliverable_type_id,text,yes,no,no,no,,nullable_unmapped
document_infected,deliverable_is_cms_attached_file,boolean,yes,no,no,no,,nullable_unmapped
document_infected,infection_status,text,no,no,no,no,,GAP_table_pending
document_infected,infection_threats,text,no,no,no,no,,GAP_table_pending
document_infected,created_at,timestamptz,no,yes,no,no,,default
document_infected,updated_at,timestamptz,no,no,no,no,,audit_timestamp
document_infected_history,revision_id,serial,no,no,yes,no,,history_system
document_infected_history,revision_type,revision_type_enum,no,no,yes,no,,history_system
document_infected_history,modified_at,timestamptz,no,yes,yes,no,,history_system
document_infected_history,id,uuid,no,no,yes,no,,GAP_table_pending
document_infected_history,name,text,no,no,yes,no,,GAP_table_pending
document_infected_history,description,text,yes,no,yes,no,,nullable_unmapped
document_infected_history,s3_path,text,no,no,yes,no,,GAP_table_pending
document_infected_history,owner_user_id,uuid,no,no,yes,no,,GAP_table_pending
document_infected_history,document_type_id,text,no,no,yes,no,,GAP_table_pending
document_infected_history,application_id,uuid,no,no,yes,no,,GAP_table_pending
document_infected_history,phase_id,text,yes,no,yes,no,,nullable_unmapped
document_infected_history,deliverable_id,uuid,yes,no,yes,no,,nullable_unmapped
document_infected_history,deliverable_type_id,text,yes,no,yes,no,,nullable_unmapped
document_infected_history,deliverable_is_cms_attached_file,boolean,yes,no,yes,no,,nullable_unmapped
document_infected_history,infection_status,text,no,no,yes,no,,GAP_table_pending
document_infected_history,infection_threats,text,no,no,yes,no,,GAP_table_pending
document_infected_history,created_at,timestamptz,no,no,yes,no,,audit_timestamp
document_infected_history,updated_at,timestamptz,no,no,yes,no,,audit_timestamp
document_pending_upload,id,uuid,no,no,no,no,,GAP_table_pending
document_pending_upload,name,text,no,no,no,no,,GAP_table_pending
document_pending_upload,description,text,yes,no,no,no,,nullable_unmapped
document_pending_upload,owner_user_id,uuid,no,no,no,no,,GAP_table_pending
document_pending_upload,document_type_id,text,no,no,no,no,,GAP_table_pending
document_pending_upload,application_id,uuid,no,no,no,no,,GAP_table_pending
document_pending_upload,phase_id,text,yes,no,no,no,,nullable_unmapped
document_pending_upload,deliverable_id,uuid,yes,no,no,no,,nullable_unmapped
document_pending_upload,deliverable_type_id,text,yes,no,no,no,,nullable_unmapped
document_pending_upload,deliverable_is_cms_attached_file,boolean,yes,no,no,no,,nullable_unmapped
document_pending_upload,created_at,timestamptz,no,yes,no,no,,default
document_pending_upload,updated_at,timestamptz,no,no,no,no,,audit_timestamp
document_pending_upload_history,revision_id,serial,no,no,yes,no,,history_system
document_pending_upload_history,revision_type,revision_type_enum,no,no,yes,no,,history_system
document_pending_upload_history,modified_at,timestamptz,no,yes,yes,no,,history_system
document_pending_upload_history,id,uuid,no,no,yes,no,,GAP_table_pending
document_pending_upload_history,name,text,no,no,yes,no,,GAP_table_pending
document_pending_upload_history,description,text,yes,no,yes,no,,nullable_unmapped
document_pending_upload_history,owner_user_id,uuid,no,no,yes,no,,GAP_table_pending
document_pending_upload_history,document_type_id,text,no,no,yes,no,,GAP_table_pending
document_pending_upload_history,application_id,uuid,no,no,yes,no,,GAP_table_pending
document_pending_upload_history,phase_id,text,yes,no,yes,no,,nullable_unmapped
document_pending_upload_history,deliverable_id,uuid,yes,no,yes,no,,nullable_unmapped
document_pending_upload_history,deliverable_type_id,text,yes,no,yes,no,,nullable_unmapped
document_pending_upload_history,deliverable_is_cms_attached_file,boolean,yes,no,yes,no,,nullable_unmapped
document_pending_upload_history,created_at,timestamptz,no,no,yes,no,,audit_timestamp
document_pending_upload_history,updated_at,timestamptz,no,no,yes,no,,audit_timestamp
document_type,id,text,no,no,no,no,,GAP_table_pending
extension,id,uuid,no,no,no,no,,GAP_table_pending
extension,application_type_id,text,no,no,no,no,,GAP_table_pending
extension,demonstration_id,uuid,no,no,no,no,,GAP_table_pending
extension,name,text,no,no,no,no,,GAP_table_pending
extension,description,text,yes,no,no,no,,nullable_unmapped
extension,effective_date,timestamptz,yes,no,no,no,,nullable_unmapped
extension,status_id,text,no,no,no,no,,GAP_table_pending
extension,current_phase_id,text,no,no,no,no,,GAP_table_pending
extension,clearance_level_id,text,no,yes,no,no,,default
extension,signature_level_id,text,yes,no,no,no,,nullable_unmapped
extension,created_at,timestamptz,no,yes,no,no,,default
extension,updated_at,timestamptz,no,no,no,no,,audit_timestamp
extension,status_updated_at,timestamptz,no,yes,no,no,,default
extension,demonstration_status_id,text,no,no,no,no,,GAP_table_pending
extension_application_type_limit,id,text,no,no,no,no,,GAP_table_pending
extension_history,revision_id,serial,no,no,yes,no,,history_system
extension_history,revision_type,revision_type_enum,no,no,yes,no,,history_system
extension_history,modified_at,timestamptz,no,yes,yes,no,,history_system
extension_history,id,uuid,no,no,yes,no,,GAP_table_pending
extension_history,application_type_id,text,no,no,yes,no,,GAP_table_pending
extension_history,demonstration_id,uuid,no,no,yes,no,,GAP_table_pending
extension_history,name,text,no,no,yes,no,,GAP_table_pending
extension_history,description,text,yes,no,yes,no,,nullable_unmapped
extension_history,effective_date,timestamptz,yes,no,yes,no,,nullable_unmapped
extension_history,status_id,text,no,no,yes,no,,GAP_table_pending
extension_history,current_phase_id,text,no,no,yes,no,,GAP_table_pending
extension_history,clearance_level_id,text,no,no,yes,no,,GAP_table_pending
extension_history,signature_level_id,text,yes,no,yes,no,,nullable_unmapped
extension_history,created_at,timestamptz,no,no,yes,no,,audit_timestamp
extension_history,updated_at,timestamptz,no,no,yes,no,,audit_timestamp
extension_history,status_updated_at,timestamptz,no,no,yes,no,,GAP_table_pending
grant_level,id,text,no,no,no,no,,GAP_table_pending
note_type,id,text,no,no,no,no,,GAP_table_pending
on_demand_report,id,uuid,no,no,no,no,,GAP_table_pending
on_demand_report,s3_path,text,no,no,no,no,,GAP_table_pending
on_demand_report,requesting_user_id,uuid,no,no,no,no,,GAP_table_pending
on_demand_report,report_type_id,text,no,no,no,no,,GAP_table_pending
on_demand_report,status_id,text,no,no,no,no,,GAP_table_pending
on_demand_report,report_generated_at,timestamptz,no,no,no,no,,GAP_table_pending
on_demand_report,generated_file_name,text,no,no,no,no,,GAP_table_pending
on_demand_report_status,id,text,no,no,no,no,,GAP_table_pending
on_demand_report_type,id,text,no,no,no,no,,GAP_table_pending
permission,id,text,no,no,no,no,,GAP_table_pending
permission,grant_level_id,text,no,no,no,no,,GAP_table_pending
person,id,uuid,no,no,no,yes,user_role_asgnmt;users,mapped
person,person_type_id,text,no,no,no,yes,user_role_asgnmt;users,mapped
person,email,text,no,no,no,yes,user_role_asgnmt;users,mapped
person,first_name,text,no,no,no,yes,user_role_asgnmt;users,mapped
person,last_name,text,no,no,no,yes,user_role_asgnmt;users,mapped
person,created_at,timestamptz,no,yes,no,yes,user_role_asgnmt;users,mapped
person,updated_at,timestamptz,no,no,no,yes,user_role_asgnmt;users,mapped
person_history,revision_id,serial,no,no,yes,no,,history_system
person_history,revision_type,revision_type_enum,no,no,yes,no,,history_system
person_history,modified_at,timestamptz,no,yes,yes,no,,history_system
person_history,id,uuid,no,no,yes,no,,GAP_table_pending
person_history,person_type_id,text,no,no,yes,no,,GAP_table_pending
person_history,email,text,no,no,yes,no,,GAP_table_pending
person_history,first_name,text,no,no,yes,no,,GAP_table_pending
person_history,last_name,text,no,no,yes,no,,GAP_table_pending
person_history,created_at,timestamptz,no,no,yes,no,,audit_timestamp
person_history,updated_at,timestamptz,no,no,yes,no,,audit_timestamp
person_state,person_id,uuid,no,no,no,no,,GAP_table_pending
person_state,state_id,text,no,no,no,no,,GAP_table_pending
person_state_history,revision_id,serial,no,no,yes,no,,history_system
person_state_history,revision_type,revision_type_enum,no,no,yes,no,,history_system
person_state_history,modified_at,timestamptz,no,yes,yes,no,,history_system
person_state_history,person_id,uuid,no,no,yes,no,,GAP_table_pending
person_state_history,state_id,text,no,no,yes,no,,GAP_table_pending
person_type,id,text,no,no,no,no,,GAP_table_pending
phase,id,text,no,no,no,no,,GAP_table_pending
phase,phase_number,integer,no,no,no,no,,GAP_table_pending
phase_date_type,phase_id,text,no,no,no,no,,GAP_table_pending
phase_date_type,date_type_id,text,no,no,no,no,,GAP_table_pending
phase_document_type,phase_id,text,no,no,no,no,,GAP_table_pending
phase_document_type,document_type_id,text,no,no,no,no,,GAP_table_pending
phase_note_type,phase_id,text,no,no,no,no,,GAP_table_pending
phase_note_type,note_type_id,text,no,no,no,no,,GAP_table_pending
phase_phase_status,phase_id,text,no,no,no,no,,GAP_table_pending
phase_phase_status,phase_status_id,text,no,no,no,no,,GAP_table_pending
phase_status,id,text,no,no,no,no,,GAP_table_pending
primary_demonstration_role_assignment,person_id,uuid,no,no,no,yes,mdcd_demo,mapped
primary_demonstration_role_assignment,demonstration_id,uuid,no,no,no,yes,mdcd_demo,mapped
primary_demonstration_role_assignment,role_id,text,no,no,no,yes,mdcd_demo,mapped
primary_demonstration_role_assignment_history,revision_id,serial,no,no,yes,no,,history_system
primary_demonstration_role_assignment_history,revision_type,revision_type_enum,no,no,yes,no,,history_system
primary_demonstration_role_assignment_history,modified_at,timestamptz,no,yes,yes,no,,history_system
primary_demonstration_role_assignment_history,person_id,uuid,no,no,yes,no,,GAP_table_pending
primary_demonstration_role_assignment_history,demonstration_id,uuid,no,no,yes,no,,GAP_table_pending
primary_demonstration_role_assignment_history,role_id,text,no,no,yes,no,,GAP_table_pending
private_comment,id,uuid,no,no,no,yes,mdcd_dlvrbl_cmt;mdcd_dlvrbl_paper_cmt,mapped
private_comment,deliverable_id,uuid,no,no,no,yes,mdcd_dlvrbl_cmt;mdcd_dlvrbl_paper_cmt,mapped
private_comment,author_user_id,uuid,no,no,no,yes,mdcd_dlvrbl_cmt;mdcd_dlvrbl_paper_cmt,mapped
private_comment,author_person_type_id,text,no,no,no,yes,mdcd_dlvrbl_cmt;mdcd_dlvrbl_paper_cmt,mapped
private_comment,content,text,no,no,no,yes,mdcd_dlvrbl_cmt;mdcd_dlvrbl_paper_cmt,mapped
private_comment,created_at,timestamptz,no,yes,no,yes,mdcd_dlvrbl_cmt;mdcd_dlvrbl_paper_cmt,default
private_comment,updated_at,timestamptz,no,no,no,yes,mdcd_dlvrbl_cmt;mdcd_dlvrbl_paper_cmt,audit_timestamp
private_comment_history,revision_id,serial,no,no,yes,no,,history_system
private_comment_history,revision_type,revision_type_enum,no,no,yes,no,,history_system
private_comment_history,modified_at,timestamptz,no,yes,yes,no,,history_system
private_comment_history,id,uuid,no,no,yes,no,,GAP_table_pending
private_comment_history,deliverable_id,uuid,no,no,yes,no,,GAP_table_pending
private_comment_history,author_user_id,uuid,no,no,yes,no,,GAP_table_pending
private_comment_history,author_person_type_id,text,no,no,yes,no,,GAP_table_pending
private_comment_history,content,text,no,no,yes,no,,GAP_table_pending
private_comment_history,created_at,timestamptz,no,no,yes,no,,audit_timestamp
private_comment_history,updated_at,timestamptz,no,no,yes,no,,audit_timestamp
public_comment,id,uuid,no,no,no,yes,mdcd_dlvrbl_cmt,mapped
public_comment,deliverable_id,uuid,no,no,no,yes,mdcd_dlvrbl_cmt,mapped
public_comment,author_user_id,uuid,no,no,no,yes,mdcd_dlvrbl_cmt,mapped
public_comment,content,text,no,no,no,yes,mdcd_dlvrbl_cmt,mapped
public_comment,created_at,timestamptz,no,yes,no,yes,mdcd_dlvrbl_cmt,default
public_comment,updated_at,timestamptz,no,no,no,yes,mdcd_dlvrbl_cmt,audit_timestamp
public_comment_history,revision_id,serial,no,no,yes,no,,history_system
public_comment_history,revision_type,revision_type_enum,no,no,yes,no,,history_system
public_comment_history,modified_at,timestamptz,no,yes,yes,no,,history_system
public_comment_history,id,uuid,no,no,yes,no,,GAP_table_pending
public_comment_history,deliverable_id,uuid,no,no,yes,no,,GAP_table_pending
public_comment_history,author_user_id,uuid,no,no,yes,no,,GAP_table_pending
public_comment_history,content,text,no,no,yes,no,,GAP_table_pending
public_comment_history,created_at,timestamptz,no,no,yes,no,,audit_timestamp
public_comment_history,updated_at,timestamptz,no,no,yes,no,,audit_timestamp
reference,id,uuid,no,no,no,no,,GAP_table_pending
reference,name,text,no,no,no,no,,GAP_table_pending
reference,s3_path,text,no,no,no,no,,GAP_table_pending
reference,owner_user_id,uuid,no,no,no,no,,GAP_table_pending
reference,created_at,timestamptz,no,yes,no,no,,default
reference,updated_at,timestamptz,no,no,no,no,,audit_timestamp
reference,description,text,no,no,no,no,,GAP_table_pending
reference,owner_person_type_id,text,no,no,no,no,,GAP_table_pending
reference_agreement,id,uuid,no,no,no,no,,GAP_table_pending
reference_agreement,name,text,no,no,no,no,,GAP_table_pending
reference_agreement,s3_path,text,no,no,no,no,,GAP_table_pending
reference_agreement,owner_user_id,uuid,no,no,no,no,,GAP_table_pending
reference_agreement,created_at,timestamptz,no,yes,no,no,,default
reference_agreement,updated_at,timestamptz,no,no,no,no,,audit_timestamp
reference_agreement,owner_person_type_id,text,no,no,no,no,,GAP_table_pending
reference_agreement_acceptance,reference_id,uuid,no,no,no,no,,GAP_table_pending
reference_agreement_acceptance,reference_agreement_id,uuid,no,no,no,no,,GAP_table_pending
reference_agreement_acceptance,user_id,uuid,no,no,no,no,,GAP_table_pending
reference_agreement_acceptance,acceptance_timestamp,timestamptz,no,yes,no,no,,default
reference_agreement_history,revision_id,serial,no,no,yes,no,,history_system
reference_agreement_history,revision_type,revision_type_enum,no,no,yes,no,,history_system
reference_agreement_history,modified_at,timestamptz,no,yes,yes,no,,history_system
reference_agreement_history,id,uuid,no,no,yes,no,,GAP_table_pending
reference_agreement_history,name,text,no,no,yes,no,,GAP_table_pending
reference_agreement_history,s3_path,text,no,no,yes,no,,GAP_table_pending
reference_agreement_history,owner_user_id,uuid,no,no,yes,no,,GAP_table_pending
reference_agreement_history,created_at,timestamptz,no,no,yes,no,,audit_timestamp
reference_agreement_history,updated_at,timestamptz,no,no,yes,no,,audit_timestamp
reference_agreement_history,owner_person_type_id,text,no,no,yes,no,,GAP_table_pending
reference_configuration,id,uuid,no,no,no,no,,GAP_table_pending
reference_configuration,reference_id,uuid,no,no,no,no,,GAP_table_pending
reference_configuration,reference_agreement_id,uuid,yes,no,no,no,,nullable_unmapped
reference_configuration,status_id,text,no,no,no,no,,GAP_table_pending
reference_configuration_history,revision_id,serial,no,no,yes,no,,history_system
reference_configuration_history,revision_type,revision_type_enum,no,no,yes,no,,history_system
reference_configuration_history,modified_at,timestamptz,no,yes,yes,no,,history_system
reference_configuration_history,id,uuid,no,no,yes,no,,GAP_table_pending
reference_configuration_history,reference_id,uuid,no,no,yes,no,,GAP_table_pending
reference_configuration_history,reference_agreement_id,uuid,yes,no,yes,no,,nullable_unmapped
reference_configuration_history,status_id,text,no,no,yes,no,,GAP_table_pending
reference_configuration_status,id,text,no,no,no,no,,GAP_table_pending
reference_demonstration_type,reference_id,uuid,no,no,no,no,,GAP_table_pending
reference_demonstration_type,demonstration_type_tag_name_id,text,no,no,no,no,,GAP_table_pending
reference_demonstration_type,demonstration_type_tag_type_id,text,no,no,no,no,,GAP_table_pending
reference_demonstration_type_history,revision_id,serial,no,no,yes,no,,history_system
reference_demonstration_type_history,revision_type,revision_type_enum,no,no,yes,no,,history_system
reference_demonstration_type_history,modified_at,timestamptz,no,yes,yes,no,,history_system
reference_demonstration_type_history,reference_id,uuid,no,no,yes,no,,GAP_table_pending
reference_demonstration_type_history,demonstration_type_tag_name_id,text,no,no,yes,no,,GAP_table_pending
reference_demonstration_type_history,demonstration_type_tag_type_id,text,no,no,yes,no,,GAP_table_pending
reference_history,revision_id,serial,no,no,yes,no,,history_system
reference_history,revision_type,revision_type_enum,no,no,yes,no,,history_system
reference_history,modified_at,timestamptz,no,yes,yes,no,,history_system
reference_history,id,uuid,no,no,yes,no,,GAP_table_pending
reference_history,name,text,no,no,yes,no,,GAP_table_pending
reference_history,s3_path,text,no,no,yes,no,,GAP_table_pending
reference_history,owner_user_id,uuid,no,no,yes,no,,GAP_table_pending
reference_history,created_at,timestamptz,no,no,yes,no,,audit_timestamp
reference_history,updated_at,timestamptz,no,no,yes,no,,audit_timestamp
reference_history,description,text,no,no,yes,no,,GAP_table_pending
reference_history,owner_person_type_id,text,no,no,yes,no,,GAP_table_pending
reference_tag_assignment,reference_id,uuid,no,no,no,no,,GAP_table_pending
reference_tag_assignment,tag_name_id,text,no,no,no,no,,GAP_table_pending
reference_tag_assignment,tag_type_id,text,no,no,no,no,,GAP_table_pending
reference_tag_assignment_history,revision_id,serial,no,no,yes,no,,history_system
reference_tag_assignment_history,revision_type,revision_type_enum,no,no,yes,no,,history_system
reference_tag_assignment_history,modified_at,timestamptz,no,yes,yes,no,,history_system
reference_tag_assignment_history,reference_id,uuid,no,no,yes,no,,GAP_table_pending
reference_tag_assignment_history,tag_name_id,text,no,no,yes,no,,GAP_table_pending
reference_tag_assignment_history,tag_type_id,text,no,no,yes,no,,GAP_table_pending
reference_tag_type_limit,id,text,no,no,no,no,,GAP_table_pending
role,id,text,no,no,no,no,,GAP_table_pending
role,grant_level_id,text,no,no,no,no,,GAP_table_pending
role_permission,role_id,text,no,no,no,no,,GAP_table_pending
role_permission,grant_level_id,text,no,no,no,no,,GAP_table_pending
role_permission,permission_id,text,no,no,no,no,,GAP_table_pending
role_permission_history,revision_id,serial,no,no,yes,no,,history_system
role_permission_history,revision_type,revision_type_enum,no,no,yes,no,,history_system
role_permission_history,modified_at,timestamptz,no,yes,yes,no,,history_system
role_permission_history,role_id,text,no,no,yes,no,,GAP_table_pending
role_permission_history,grant_level_id,text,no,no,yes,no,,GAP_table_pending
role_permission_history,permission_id,text,no,no,yes,no,,GAP_table_pending
role_person_type,role_id,text,no,no,no,no,,GAP_table_pending
role_person_type,person_type_id,text,no,no,no,no,,GAP_table_pending
sdg_division,id,text,no,no,no,no,,GAP_table_pending
signature_level,id,text,no,no,no,no,,GAP_table_pending
state,id,text,no,no,no,no,,GAP_table_pending
state,name,text,no,no,no,no,,GAP_table_pending
state,region,integer,no,no,no,no,,GAP_table_pending
system_grant_level_limit,id,text,no,no,no,no,,GAP_table_pending
system_role_assignment,person_id,uuid,no,no,no,yes,user_role_asgnmt,mapped
system_role_assignment,role_id,text,no,no,no,yes,user_role_asgnmt,mapped
system_role_assignment,person_type_id,text,no,no,no,yes,user_role_asgnmt,mapped
system_role_assignment,grant_level_id,text,no,no,no,yes,user_role_asgnmt,mapped
system_role_assignment_history,revision_id,serial,no,no,yes,no,,history_system
system_role_assignment_history,revision_type,revision_type_enum,no,no,yes,no,,history_system
system_role_assignment_history,modified_at,timestamptz,no,yes,yes,no,,history_system
system_role_assignment_history,person_id,uuid,no,no,yes,no,,GAP_table_pending
system_role_assignment_history,role_id,text,no,no,yes,no,,GAP_table_pending
system_role_assignment_history,person_type_id,text,no,no,yes,no,,GAP_table_pending
system_role_assignment_history,grant_level_id,text,no,no,yes,no,,GAP_table_pending
tag,tag_name_id,text,no,no,no,no,,GAP_table_pending
tag,tag_type_id,text,no,no,no,no,,GAP_table_pending
tag,source_id,text,no,no,no,no,,GAP_table_pending
tag,status_id,text,no,no,no,no,,GAP_table_pending
tag,created_at,timestamptz,no,yes,no,no,,default
tag,updated_at,timestamptz,no,no,no,no,,audit_timestamp
tag_history,revision_id,serial,no,no,yes,no,,history_system
tag_history,revision_type,revision_type_enum,no,no,yes,no,,history_system
tag_history,modified_at,timestamptz,no,yes,yes,no,,history_system
tag_history,tag_name_id,text,no,no,yes,no,,GAP_table_pending
tag_history,tag_type_id,text,no,no,yes,no,,GAP_table_pending
tag_history,source_id,text,no,no,yes,no,,GAP_table_pending
tag_history,status_id,text,no,no,yes,no,,GAP_table_pending
tag_history,created_at,timestamptz,no,no,yes,no,,audit_timestamp
tag_history,updated_at,timestamptz,no,no,yes,no,,audit_timestamp
tag_name,id,text,no,no,no,no,,GAP_table_pending
tag_name,created_at,timestamptz,no,yes,no,no,,default
tag_name,updated_at,timestamptz,no,no,no,no,,audit_timestamp
tag_name_history,revision_id,serial,no,no,yes,no,,history_system
tag_name_history,revision_type,revision_type_enum,no,no,yes,no,,history_system
tag_name_history,modified_at,timestamptz,no,yes,yes,no,,history_system
tag_name_history,id,text,no,no,yes,no,,GAP_table_pending
tag_name_history,created_at,timestamptz,no,no,yes,no,,audit_timestamp
tag_name_history,updated_at,timestamptz,no,no,yes,no,,audit_timestamp
tag_source,id,text,no,no,no,no,,GAP_table_pending
tag_status,id,text,no,no,no,no,,GAP_table_pending
tag_type,id,text,no,no,no,no,,GAP_table_pending
uipath_result,id,uuid,no,no,no,no,,GAP_table_pending
uipath_result,request_id,text,no,no,no,no,,GAP_table_pending
uipath_result,response,jsonb,no,no,no,no,,GAP_table_pending
uipath_result,project_id,text,no,no,no,no,,GAP_table_pending
uipath_result,document_id,uuid,no,no,no,no,,GAP_table_pending
uipath_result,application_id,uuid,no,no,no,no,,GAP_table_pending
uipath_result,status_id,text,no,yes,no,no,,default
uipath_result,created_at,timestamptz,no,yes,no,no,,default
uipath_result,updated_at,timestamptz,no,no,no,no,,audit_timestamp
uipath_result_history,revision_id,serial,no,no,yes,no,,history_system
uipath_result_history,revision_type,revision_type_enum,no,no,yes,no,,history_system
uipath_result_history,modified_at,timestamptz,no,yes,yes,no,,history_system
uipath_result_history,id,uuid,no,no,yes,no,,GAP_table_pending
uipath_result_history,request_id,text,no,no,yes,no,,GAP_table_pending
uipath_result_history,response,jsonb,no,no,yes,no,,GAP_table_pending
uipath_result_history,project_id,text,no,no,yes,no,,GAP_table_pending
uipath_result_history,document_id,uuid,no,no,yes,no,,GAP_table_pending
uipath_result_history,application_id,uuid,no,no,yes,no,,GAP_table_pending
uipath_result_history,status_id,text,no,no,yes,no,,GAP_table_pending
uipath_result_history,created_at,timestamptz,no,no,yes,no,,audit_timestamp
uipath_result_history,updated_at,timestamptz,no,no,yes,no,,audit_timestamp
uipath_result_status,id,text,no,no,no,no,,GAP_table_pending
uipath_value,id,uuid,no,no,no,no,,GAP_table_pending
uipath_value,uipath_result_id,uuid,no,no,no,no,,GAP_table_pending
uipath_value,document_id,uuid,no,no,no,no,,GAP_table_pending
uipath_value,application_id,uuid,no,no,no,no,,GAP_table_pending
uipath_value,field_id,text,no,no,no,no,,GAP_table_pending
uipath_value,value,text,no,no,no,no,,GAP_table_pending
uipath_value,text_length,integer,no,no,no,no,,GAP_table_pending
uipath_value,text_start_index,integer,no,no,no,no,,GAP_table_pending
uipath_value,confidence,double,no,no,no,no,,GAP_table_pending
uipath_value,token_list,jsonb,no,no,no,no,,GAP_table_pending
uipath_value,created_at,timestamptz,no,yes,no,no,,default
uipath_value,updated_at,timestamptz,no,no,no,no,,audit_timestamp
uipath_value_history,revision_id,serial,no,no,yes,no,,history_system
uipath_value_history,revision_type,revision_type_enum,no,no,yes,no,,history_system
uipath_value_history,modified_at,timestamptz,no,yes,yes,no,,history_system
uipath_value_history,id,uuid,no,no,yes,no,,GAP_table_pending
uipath_value_history,uipath_result_id,uuid,no,no,yes,no,,GAP_table_pending
uipath_value_history,document_id,uuid,no,no,yes,no,,GAP_table_pending
uipath_value_history,application_id,uuid,no,no,yes,no,,GAP_table_pending
uipath_value_history,field_id,text,no,no,yes,no,,GAP_table_pending
uipath_value_history,value,text,no,no,yes,no,,GAP_table_pending
uipath_value_history,text_length,integer,no,no,yes,no,,GAP_table_pending
uipath_value_history,text_start_index,integer,no,no,yes,no,,GAP_table_pending
uipath_value_history,confidence,double,no,no,yes,no,,GAP_table_pending
uipath_value_history,token_list,jsonb,no,no,yes,no,,GAP_table_pending
uipath_value_history,created_at,timestamptz,no,no,yes,no,,audit_timestamp
uipath_value_history,updated_at,timestamptz,no,no,yes,no,,audit_timestamp
user_person_type_limit,id,text,no,no,no,no,,GAP_table_pending
user_session,user_id,uuid,no,no,no,no,,GAP_table_pending
user_session,auth_time,timestamptz,no,no,no,no,,GAP_table_pending
user_session,last_auth_event_time,timestamptz,no,no,no,no,,GAP_table_pending
user_session,auth_event_count,integer,no,no,no,no,,GAP_table_pending
users,id,uuid,no,no,no,yes,users,mapped
users,person_type_id,text,no,no,no,yes,users,mapped
users,cognito_subject,uuid,yes,no,no,yes,users,nullable_unmapped
users,username,text,yes,no,no,yes,users,mapped
users,created_at,timestamptz,no,yes,no,yes,users,mapped
users,updated_at,timestamptz,no,no,no,yes,users,mapped
users,is_migrated_from_pmda,boolean,no,no,no,yes,users,mapped
users,has_logged_in,boolean,no,no,no,yes,users,mapped
users_history,revision_id,serial,no,no,yes,no,,history_system
users_history,revision_type,revision_type_enum,no,no,yes,no,,history_system
users_history,modified_at,timestamptz,no,yes,yes,no,,history_system
users_history,id,uuid,no,no,yes,no,,GAP_table_pending
users_history,person_type_id,text,no,no,yes,no,,GAP_table_pending
users_history,cognito_subject,uuid,yes,no,yes,no,,nullable_unmapped
users_history,username,text,yes,no,yes,no,,nullable_unmapped
users_history,created_at,timestamptz,no,no,yes,no,,audit_timestamp
users_history,updated_at,timestamptz,no,no,yes,no,,audit_timestamp
users_history,is_migrated_from_pmda,boolean,no,no,yes,no,,GAP_table_pending
users_history,has_logged_in,boolean,no,no,yes,no,,GAP_table_pending
